,Country,Time,Value
0,Panama,2015,1.00874
1,Panama,2016,1.00874
2,Panama,2017,1.00874
3,Costa Rica,2015,0.99999
4,Costa Rica,2016,1.00023
5,Costa Rica,2017,1.00015
6,Costa Rica,2018,0.99987
7,Costa Rica,2019,1.00012
8,Costa Rica,2020,0.99989
9,Belize,2015,0.79886
10,Belize,2016,0.90768
11,Belize,2018,0.81879
12,Belize,2019,0.81378
13,Belize,2020,0.74744
14,El Salvador,2015,1.0
15,El Salvador,2016,1.0
16,El Salvador,2017,1.0
17,El Salvador,2018,1.0
